experiment_run_id,experiment_id,scenario_id,strategy,repetition,is_warmup,status,started_at,fault_injected_at,incident_detected_at,decision_at,remediation_started_at,recovered_at,mttr_seconds,downtime_seconds,detection_latency_seconds,decision_latency_seconds,remediation_latency_seconds,rollback,success,escalated,selected_remediation,top_ranked_candidate,sandbox_pass,candidate_fallback_count,remediation_attempts,recovery_score,final_outcome
RUN-7B7C24A2,EXP-REPORT,SCENARIO-01,safeopsai,1,True,COMPLETED,2026-08-22T08:33:09.750565+00:00,2026-08-22T08:33:09.857504+00:00,2026-08-22T08:33:10.169795+00:00,2026-08-22T08:33:10.169795+00:00,2026-08-22T08:33:10.482292+00:00,2026-08-22T08:33:10.685957+00:00,0.516,0.828,0.312,0.0,0.204,False,True,False,restart_service,restart_service,True,0,1,0.98,SUCCESS
RUN-009EBA81,EXP-REPORT,SCENARIO-01,safeopsai,2,True,COMPLETED,2026-08-22T08:33:10.795656+00:00,2026-08-22T08:33:10.904168+00:00,2026-08-22T08:33:11.216458+00:00,2026-08-22T08:33:11.216458+00:00,2026-08-22T08:33:11.526766+00:00,2026-08-22T08:33:11.729724+00:00,0.513,0.826,0.312,0.0,0.203,False,True,False,restart_service,restart_service,True,0,1,0.98,SUCCESS
RUN-72BF1F79,EXP-REPORT,SCENARIO-01,naive_restart,1,True,COMPLETED,2026-08-22T08:33:11.839927+00:00,2026-08-22T08:33:11.949027+00:00,2026-08-22T08:33:12.264244+00:00,2026-08-22T08:33:12.264244+00:00,2026-08-22T08:33:12.264244+00:00,2026-08-22T08:33:12.374108+00:00,0.11,0.425,0.315,0.0,0.11,False,True,False,restart_service,restart_service,,0,1,1.0,COMPLETED
RUN-2B48D005,EXP-REPORT,SCENARIO-01,naive_restart,2,True,COMPLETED,2026-08-22T08:33:12.484897+00:00,2026-08-22T08:33:12.594486+00:00,2026-08-22T08:33:12.908429+00:00,2026-08-22T08:33:12.908429+00:00,2026-08-22T08:33:12.908429+00:00,2026-08-22T08:33:13.018276+00:00,0.11,0.424,0.314,0.0,0.11,False,True,False,restart_service,restart_service,,0,1,1.0,COMPLETED
RUN-E547C7AF,EXP-REPORT,SCENARIO-01,no_sandbox,1,True,COMPLETED,2026-08-22T08:33:13.129645+00:00,2026-08-22T08:33:13.238721+00:00,2026-08-22T08:33:13.550978+00:00,2026-08-22T08:33:13.550978+00:00,2026-08-22T08:33:13.550978+00:00,2026-08-22T08:33:13.550978+00:00,0.0,0.312,0.312,0.0,0.0,False,True,False,restart_service,restart_service,,0,1,0.92,SUCCESS
RUN-6F3F2048,EXP-REPORT,SCENARIO-01,no_sandbox,2,True,COMPLETED,2026-08-22T08:33:13.660566+00:00,2026-08-22T08:33:13.771882+00:00,2026-08-22T08:33:14.084202+00:00,2026-08-22T08:33:14.084202+00:00,2026-08-22T08:33:14.084202+00:00,2026-08-22T08:33:14.084202+00:00,0.0,0.312,0.312,0.0,0.0,False,True,False,restart_service,restart_service,,0,1,0.92,SUCCESS
RUN-0C39A008,EXP-REPORT,SCENARIO-01,no_multi_agent,1,True,COMPLETED,2026-08-22T08:33:14.194611+00:00,2026-08-22T08:33:14.303179+00:00,2026-08-22T08:33:14.616258+00:00,2026-08-22T08:33:14.616258+00:00,2026-08-22T08:33:14.616258+00:00,2026-08-22T08:33:14.616258+00:00,0.0,0.313,0.313,0.0,0.0,False,True,False,restart_service,restart_service,True,0,1,0.85,SUCCESS
RUN-FF5ABE98,EXP-REPORT,SCENARIO-01,no_multi_agent,2,True,COMPLETED,2026-08-22T08:33:14.725301+00:00,2026-08-22T08:33:14.835562+00:00,2026-08-22T08:33:15.147146+00:00,2026-08-22T08:33:15.147146+00:00,2026-08-22T08:33:15.147146+00:00,2026-08-22T08:33:15.147146+00:00,0.0,0.312,0.312,0.0,0.0,False,True,False,restart_service,restart_service,True,0,1,0.85,SUCCESS
RUN-23CAC7F0,EXP-REPORT,SCENARIO-01,no_rollback,1,True,COMPLETED,2026-08-22T08:33:15.253691+00:00,2026-08-22T08:33:15.364338+00:00,2026-08-22T08:33:15.676651+00:00,2026-08-22T08:33:15.676651+00:00,2026-08-22T08:33:15.676651+00:00,2026-08-22T08:33:15.676651+00:00,0.0,0.312,0.312,0.0,0.0,False,True,False,restart_service,restart_service,True,0,1,0.95,SUCCESS
RUN-2A49591C,EXP-REPORT,SCENARIO-01,no_rollback,2,True,COMPLETED,2026-08-22T08:33:15.784577+00:00,2026-08-22T08:33:15.894380+00:00,2026-08-22T08:33:16.210049+00:00,2026-08-22T08:33:16.210049+00:00,2026-08-22T08:33:16.210049+00:00,2026-08-22T08:33:16.210049+00:00,0.0,0.316,0.316,0.0,0.0,False,True,False,restart_service,restart_service,True,0,1,0.95,SUCCESS
RUN-D410D471,EXP-REPORT,SCENARIO-02,safeopsai,1,True,COMPLETED,2026-08-22T08:33:16.319584+00:00,2026-08-22T08:33:16.429466+00:00,2026-08-22T08:33:16.742318+00:00,2026-08-22T08:33:16.742318+00:00,2026-08-22T08:33:17.053736+00:00,2026-08-22T08:33:17.257140+00:00,0.515,0.828,0.313,0.0,0.203,False,True,False,clear_fault,clear_fault,True,0,1,0.98,SUCCESS
RUN-051037C4,EXP-REPORT,SCENARIO-02,safeopsai,2,True,COMPLETED,2026-08-22T08:33:17.367426+00:00,2026-08-22T08:33:17.476480+00:00,2026-08-22T08:33:17.788857+00:00,2026-08-22T08:33:17.788857+00:00,2026-08-22T08:33:18.100077+00:00,2026-08-22T08:33:18.303038+00:00,0.514,0.827,0.312,0.0,0.203,False,True,False,clear_fault,clear_fault,True,0,1,0.98,SUCCESS
RUN-D0A82101,EXP-REPORT,SCENARIO-02,naive_restart,1,True,FAILED,2026-08-22T08:33:18.411983+00:00,2026-08-22T08:33:18.521721+00:00,2026-08-22T08:33:18.845091+00:00,2026-08-22T08:33:18.845091+00:00,2026-08-22T08:33:18.845091+00:00,,120.0,120.0,0.323,0.0,2.0,False,False,True,restart_service,restart_service,,0,1,0.0,FAILED
RUN-D649C2A9,EXP-REPORT,SCENARIO-02,naive_restart,2,True,FAILED,2026-08-22T08:33:19.064114+00:00,2026-08-22T08:33:19.172190+00:00,2026-08-22T08:33:19.485265+00:00,2026-08-22T08:33:19.485265+00:00,2026-08-22T08:33:19.485265+00:00,,120.0,120.0,0.313,0.0,2.0,False,False,True,restart_service,restart_service,,0,1,0.0,FAILED
RUN-D98B41CB,EXP-REPORT,SCENARIO-02,no_sandbox,1,True,COMPLETED,2026-08-22T08:33:19.702110+00:00,2026-08-22T08:33:19.812670+00:00,2026-08-22T08:33:20.124819+00:00,2026-08-22T08:33:20.124819+00:00,2026-08-22T08:33:20.124819+00:00,2026-08-22T08:33:20.124819+00:00,0.0,0.312,0.312,0.0,0.0,False,True,False,clear_fault,clear_fault,,0,1,0.92,SUCCESS
RUN-947AA5A6,EXP-REPORT,SCENARIO-02,no_sandbox,2,True,COMPLETED,2026-08-22T08:33:20.235311+00:00,2026-08-22T08:33:20.345027+00:00,2026-08-22T08:33:20.656246+00:00,2026-08-22T08:33:20.656246+00:00,2026-08-22T08:33:20.656246+00:00,2026-08-22T08:33:20.656246+00:00,0.0,0.311,0.311,0.0,0.0,False,True,False,clear_fault,clear_fault,,0,1,0.92,SUCCESS
RUN-3AF7C767,EXP-REPORT,SCENARIO-02,no_multi_agent,1,True,FAILED,2026-08-22T08:33:20.766317+00:00,2026-08-22T08:33:20.876937+00:00,2026-08-22T08:33:21.200370+00:00,2026-08-22T08:33:21.200370+00:00,2026-08-22T08:33:21.200370+00:00,,120.0,120.0,0.323,0.0,2.0,False,False,True,restart_service,restart_service,True,0,1,0.0,FAILED
RUN-D19A6D4D,EXP-REPORT,SCENARIO-02,no_multi_agent,2,True,FAILED,2026-08-22T08:33:21.311035+00:00,2026-08-22T08:33:21.419317+00:00,2026-08-22T08:33:21.729342+00:00,2026-08-22T08:33:21.729342+00:00,2026-08-22T08:33:21.729342+00:00,,120.0,120.0,0.31,0.0,2.0,False,False,True,restart_service,restart_service,True,0,1,0.0,FAILED
RUN-CE1B9D88,EXP-REPORT,SCENARIO-02,no_rollback,1,True,COMPLETED,2026-08-22T08:33:21.838387+00:00,2026-08-22T08:33:21.948615+00:00,2026-08-22T08:33:22.256979+00:00,2026-08-22T08:33:22.256979+00:00,2026-08-22T08:33:22.256979+00:00,2026-08-22T08:33:22.256979+00:00,0.0,0.308,0.308,0.0,0.0,False,True,False,clear_fault,clear_fault,True,0,1,0.95,SUCCESS
RUN-9E2DE743,EXP-REPORT,SCENARIO-02,no_rollback,2,True,COMPLETED,2026-08-22T08:33:22.367917+00:00,2026-08-22T08:33:22.475972+00:00,2026-08-22T08:33:22.787257+00:00,2026-08-22T08:33:22.787257+00:00,2026-08-22T08:33:22.787257+00:00,2026-08-22T08:33:22.787257+00:00,0.0,0.311,0.311,0.0,0.0,False,True,False,clear_fault,clear_fault,True,0,1,0.95,SUCCESS
RUN-CE6B4FAC,EXP-REPORT,SCENARIO-03,safeopsai,1,True,COMPLETED,2026-08-22T08:33:22.896109+00:00,2026-08-22T08:33:23.007081+00:00,2026-08-22T08:33:23.321092+00:00,2026-08-22T08:33:23.321092+00:00,2026-08-22T08:33:23.634813+00:00,2026-08-22T08:33:23.839124+00:00,0.518,0.832,0.314,0.0,0.204,False,True,False,clear_fault,clear_fault,True,0,1,0.98,SUCCESS
RUN-F7B94D1F,EXP-REPORT,SCENARIO-03,safeopsai,2,True,COMPLETED,2026-08-22T08:33:23.948589+00:00,2026-08-22T08:33:24.058341+00:00,2026-08-22T08:33:24.370833+00:00,2026-08-22T08:33:24.370833+00:00,2026-08-22T08:33:24.679501+00:00,2026-08-22T08:33:24.882508+00:00,0.512,0.824,0.312,0.0,0.203,False,True,False,clear_fault,clear_fault,True,0,1,0.98,SUCCESS
RUN-229D3019,EXP-REPORT,SCENARIO-03,naive_restart,1,True,FAILED,2026-08-22T08:33:24.992157+00:00,2026-08-22T08:33:25.101456+00:00,2026-08-22T08:33:25.425257+00:00,2026-08-22T08:33:25.425257+00:00,2026-08-22T08:33:25.425257+00:00,,120.0,120.0,0.324,0.0,2.0,False,False,True,restart_service,restart_service,,0,1,0.0,FAILED
RUN-8A21C270,EXP-REPORT,SCENARIO-03,naive_restart,2,True,FAILED,2026-08-22T08:33:25.643884+00:00,2026-08-22T08:33:25.752913+00:00,2026-08-22T08:33:26.067526+00:00,2026-08-22T08:33:26.067526+00:00,2026-08-22T08:33:26.067526+00:00,,120.0,120.0,0.315,0.0,2.0,False,False,True,restart_service,restart_service,,0,1,0.0,FAILED
RUN-2414807F,EXP-REPORT,SCENARIO-03,no_sandbox,1,True,COMPLETED,2026-08-22T08:33:26.270208+00:00,2026-08-22T08:33:26.380066+00:00,2026-08-22T08:33:26.693191+00:00,2026-08-22T08:33:26.693191+00:00,2026-08-22T08:33:26.693191+00:00,2026-08-22T08:33:26.693191+00:00,0.0,0.313,0.313,0.0,0.0,False,True,False,clear_fault,clear_fault,,0,1,0.92,SUCCESS
RUN-352479D1,EXP-REPORT,SCENARIO-03,no_sandbox,2,True,COMPLETED,2026-08-22T08:33:26.803765+00:00,2026-08-22T08:33:26.914857+00:00,2026-08-22T08:33:27.228203+00:00,2026-08-22T08:33:27.228203+00:00,2026-08-22T08:33:27.228203+00:00,2026-08-22T08:33:27.228203+00:00,0.0,0.313,0.313,0.0,0.0,False,True,False,clear_fault,clear_fault,,0,1,0.92,SUCCESS
RUN-5A55E201,EXP-REPORT,SCENARIO-03,no_multi_agent,1,True,FAILED,2026-08-22T08:33:27.338986+00:00,2026-08-22T08:33:27.450599+00:00,2026-08-22T08:33:27.760117+00:00,2026-08-22T08:33:27.761015+00:00,2026-08-22T08:33:27.761015+00:00,,120.0,120.0,0.31,0.001,2.0,False,False,True,restart_service,restart_service,True,0,1,0.0,FAILED
RUN-8319BC60,EXP-REPORT,SCENARIO-03,no_multi_agent,2,True,FAILED,2026-08-22T08:33:27.872343+00:00,2026-08-22T08:33:27.981614+00:00,2026-08-22T08:33:28.294075+00:00,2026-08-22T08:33:28.294075+00:00,2026-08-22T08:33:28.294075+00:00,,120.0,120.0,0.312,0.0,2.0,False,False,True,restart_service,restart_service,True,0,1,0.0,FAILED
RUN-3DB7247D,EXP-REPORT,SCENARIO-03,no_rollback,1,True,COMPLETED,2026-08-22T08:33:28.402745+00:00,2026-08-22T08:33:28.513615+00:00,2026-08-22T08:33:28.827821+00:00,2026-08-22T08:33:28.827821+00:00,2026-08-22T08:33:28.827821+00:00,2026-08-22T08:33:28.827821+00:00,0.0,0.314,0.314,0.0,0.0,False,True,False,clear_fault,clear_fault,True,0,1,0.95,SUCCESS
RUN-C8FED7FB,EXP-REPORT,SCENARIO-03,no_rollback,2,True,COMPLETED,2026-08-22T08:33:28.937730+00:00,2026-08-22T08:33:29.048150+00:00,2026-08-22T08:33:29.358014+00:00,2026-08-22T08:33:29.358014+00:00,2026-08-22T08:33:29.358014+00:00,2026-08-22T08:33:29.358014+00:00,0.0,0.31,0.31,0.0,0.0,False,True,False,clear_fault,clear_fault,True,0,1,0.95,SUCCESS
RUN-546CA4AC,EXP-REPORT,SCENARIO-04,safeopsai,1,True,COMPLETED,2026-08-22T08:33:29.469115+00:00,2026-08-22T08:33:29.579092+00:00,2026-08-22T08:33:29.890640+00:00,2026-08-22T08:33:29.890640+00:00,2026-08-22T08:33:30.202486+00:00,2026-08-22T08:33:30.405607+00:00,0.515,0.827,0.312,0.0,0.203,False,True,False,clear_fault,clear_fault,True,0,1,0.98,SUCCESS
RUN-06B97BE1,EXP-REPORT,SCENARIO-04,safeopsai,2,True,COMPLETED,2026-08-22T08:33:30.516575+00:00,2026-08-22T08:33:30.622351+00:00,2026-08-22T08:33:30.934197+00:00,2026-08-22T08:33:30.935191+00:00,2026-08-22T08:33:31.243083+00:00,2026-08-22T08:33:31.447752+00:00,0.514,0.825,0.312,0.001,0.205,False,True,False,clear_fault,clear_fault,True,0,1,0.98,SUCCESS
RUN-7EC8AC79,EXP-REPORT,SCENARIO-04,naive_restart,1,True,FAILED,2026-08-22T08:33:31.558266+00:00,2026-08-22T08:33:31.666793+00:00,2026-08-22T08:33:31.976702+00:00,2026-08-22T08:33:31.976702+00:00,2026-08-22T08:33:31.976702+00:00,,120.0,120.0,0.31,0.0,2.0,False,False,True,restart_service,restart_service,,0,1,0.0,FAILED
RUN-450AF0D7,EXP-REPORT,SCENARIO-04,naive_restart,2,True,FAILED,2026-08-22T08:33:32.195190+00:00,2026-08-22T08:33:32.304556+00:00,2026-08-22T08:33:32.630879+00:00,2026-08-22T08:33:32.630879+00:00,2026-08-22T08:33:32.630879+00:00,,120.0,120.0,0.326,0.0,2.0,False,False,True,restart_service,restart_service,,0,1,0.0,FAILED
RUN-27E97290,EXP-REPORT,SCENARIO-04,no_sandbox,1,True,COMPLETED,2026-08-22T08:33:32.851483+00:00,2026-08-22T08:33:32.959939+00:00,2026-08-22T08:33:33.271613+00:00,2026-08-22T08:33:33.271613+00:00,2026-08-22T08:33:33.271613+00:00,2026-08-22T08:33:33.271613+00:00,0.0,0.312,0.312,0.0,0.0,False,True,False,clear_fault,clear_fault,,0,1,0.92,SUCCESS
RUN-DAC4ED73,EXP-REPORT,SCENARIO-04,no_sandbox,2,True,COMPLETED,2026-08-22T08:33:33.381571+00:00,2026-08-22T08:33:33.490015+00:00,2026-08-22T08:33:33.804495+00:00,2026-08-22T08:33:33.804495+00:00,2026-08-22T08:33:33.804495+00:00,2026-08-22T08:33:33.804495+00:00,0.0,0.314,0.314,0.0,0.0,False,True,False,clear_fault,clear_fault,,0,1,0.92,SUCCESS
RUN-12E947DD,EXP-REPORT,SCENARIO-04,no_multi_agent,1,True,FAILED,2026-08-22T08:33:33.915305+00:00,2026-08-22T08:33:34.024487+00:00,2026-08-22T08:33:34.335453+00:00,2026-08-22T08:33:34.335453+00:00,2026-08-22T08:33:34.335453+00:00,,120.0,120.0,0.311,0.0,2.0,False,False,True,restart_service,restart_service,True,0,1,0.0,FAILED
RUN-44FE6101,EXP-REPORT,SCENARIO-04,no_multi_agent,2,True,FAILED,2026-08-22T08:33:34.445858+00:00,2026-08-22T08:33:34.556273+00:00,2026-08-22T08:33:34.868902+00:00,2026-08-22T08:33:34.868902+00:00,2026-08-22T08:33:34.868902+00:00,,120.0,120.0,0.313,0.0,2.0,False,False,True,restart_service,restart_service,True,0,1,0.0,FAILED
RUN-51844E95,EXP-REPORT,SCENARIO-04,no_rollback,1,True,COMPLETED,2026-08-22T08:33:34.979551+00:00,2026-08-22T08:33:35.087678+00:00,2026-08-22T08:33:35.400732+00:00,2026-08-22T08:33:35.400732+00:00,2026-08-22T08:33:35.400732+00:00,2026-08-22T08:33:35.400732+00:00,0.0,0.313,0.313,0.0,0.0,False,True,False,clear_fault,clear_fault,True,0,1,0.95,SUCCESS
RUN-D055BF33,EXP-REPORT,SCENARIO-04,no_rollback,2,True,COMPLETED,2026-08-22T08:33:35.509068+00:00,2026-08-22T08:33:35.619760+00:00,2026-08-22T08:33:35.930606+00:00,2026-08-22T08:33:35.931440+00:00,2026-08-22T08:33:35.931440+00:00,2026-08-22T08:33:35.931440+00:00,0.001,0.312,0.311,0.001,0.0,False,True,False,clear_fault,clear_fault,True,0,1,0.95,SUCCESS
RUN-2BBC16A2,EXP-REPORT,SCENARIO-05,safeopsai,1,True,COMPLETED,2026-08-22T08:33:36.039652+00:00,2026-08-22T08:33:36.149532+00:00,2026-08-22T08:33:36.460691+00:00,2026-08-22T08:33:36.460691+00:00,2026-08-22T08:33:36.770418+00:00,2026-08-22T08:33:36.972361+00:00,0.512,0.823,0.311,0.0,0.202,False,True,False,restart_service,restart_service,True,0,1,0.98,SUCCESS
RUN-87642DA1,EXP-REPORT,SCENARIO-05,safeopsai,2,True,COMPLETED,2026-08-22T08:33:37.082036+00:00,2026-08-22T08:33:37.188660+00:00,2026-08-22T08:33:37.500516+00:00,2026-08-22T08:33:37.500516+00:00,2026-08-22T08:33:37.810271+00:00,2026-08-22T08:33:38.011484+00:00,0.511,0.823,0.312,0.0,0.201,False,True,False,restart_service,restart_service,True,0,1,0.98,SUCCESS
RUN-E3295C51,EXP-REPORT,SCENARIO-05,naive_restart,1,True,COMPLETED,2026-08-22T08:33:38.120798+00:00,2026-08-22T08:33:38.230402+00:00,2026-08-22T08:33:38.542231+00:00,2026-08-22T08:33:38.542754+00:00,2026-08-22T08:33:38.542754+00:00,2026-08-22T08:33:38.650661+00:00,0.108,0.42,0.312,0.001,0.108,False,True,False,restart_service,restart_service,,0,1,1.0,COMPLETED
RUN-69AF0207,EXP-REPORT,SCENARIO-05,naive_restart,2,True,COMPLETED,2026-08-22T08:33:38.761348+00:00,2026-08-22T08:33:38.871305+00:00,2026-08-22T08:33:39.182153+00:00,2026-08-22T08:33:39.182153+00:00,2026-08-22T08:33:39.182153+00:00,2026-08-22T08:33:39.290621+00:00,0.108,0.419,0.311,0.0,0.108,False,True,False,restart_service,restart_service,,0,1,1.0,COMPLETED
RUN-70F4F36F,EXP-REPORT,SCENARIO-05,no_sandbox,1,True,COMPLETED,2026-08-22T08:33:39.401751+00:00,2026-08-22T08:33:39.513119+00:00,2026-08-22T08:33:39.825047+00:00,2026-08-22T08:33:39.825047+00:00,2026-08-22T08:33:39.825047+00:00,2026-08-22T08:33:39.825047+00:00,0.0,0.312,0.312,0.0,0.0,False,True,False,restart_service,restart_service,,0,1,0.92,SUCCESS
RUN-5275B066,EXP-REPORT,SCENARIO-05,no_sandbox,2,True,COMPLETED,2026-08-22T08:33:39.934224+00:00,2026-08-22T08:33:40.043633+00:00,2026-08-22T08:33:40.356882+00:00,2026-08-22T08:33:40.356882+00:00,2026-08-22T08:33:40.356882+00:00,2026-08-22T08:33:40.356882+00:00,0.0,0.313,0.313,0.0,0.0,False,True,False,restart_service,restart_service,,0,1,0.92,SUCCESS
RUN-4D585452,EXP-REPORT,SCENARIO-05,no_multi_agent,1,True,COMPLETED,2026-08-22T08:33:40.467242+00:00,2026-08-22T08:33:40.575698+00:00,2026-08-22T08:33:40.888889+00:00,2026-08-22T08:33:40.889410+00:00,2026-08-22T08:33:40.889410+00:00,2026-08-22T08:33:40.889410+00:00,0.001,0.314,0.313,0.001,0.0,False,True,False,restart_service,restart_service,True,0,1,0.85,SUCCESS
RUN-85092CE1,EXP-REPORT,SCENARIO-05,no_multi_agent,2,True,COMPLETED,2026-08-22T08:33:40.998829+00:00,2026-08-22T08:33:41.107954+00:00,2026-08-22T08:33:41.419330+00:00,2026-08-22T08:33:41.419330+00:00,2026-08-22T08:33:41.419330+00:00,2026-08-22T08:33:41.419330+00:00,0.0,0.311,0.311,0.0,0.0,False,True,False,restart_service,restart_service,True,0,1,0.85,SUCCESS
RUN-33C9A26B,EXP-REPORT,SCENARIO-05,no_rollback,1,True,COMPLETED,2026-08-22T08:33:41.528473+00:00,2026-08-22T08:33:41.637493+00:00,2026-08-22T08:33:41.949028+00:00,2026-08-22T08:33:41.949028+00:00,2026-08-22T08:33:41.949028+00:00,2026-08-22T08:33:41.949028+00:00,0.0,0.312,0.312,0.0,0.0,False,True,False,restart_service,restart_service,True,0,1,0.95,SUCCESS
RUN-5438923F,EXP-REPORT,SCENARIO-05,no_rollback,2,True,COMPLETED,2026-08-22T08:33:42.060285+00:00,2026-08-22T08:33:42.168807+00:00,2026-08-22T08:33:42.478733+00:00,2026-08-22T08:33:42.478733+00:00,2026-08-22T08:33:42.478733+00:00,2026-08-22T08:33:42.478733+00:00,0.0,0.31,0.31,0.0,0.0,False,True,False,restart_service,restart_service,True,0,1,0.95,SUCCESS
RUN-4175B38C,EXP-REPORT,SCENARIO-06,safeopsai,1,True,COMPLETED,2026-08-22T08:33:42.588161+00:00,2026-08-22T08:33:42.695949+00:00,2026-08-22T08:33:43.007703+00:00,2026-08-22T08:33:43.007703+00:00,2026-08-22T08:33:43.318122+00:00,2026-08-22T08:33:43.519751+00:00,0.512,0.824,0.312,0.0,0.202,False,True,False,restart_service,restart_service,True,0,1,0.98,SUCCESS
RUN-058F867A,EXP-REPORT,SCENARIO-06,safeopsai,2,True,COMPLETED,2026-08-22T08:33:43.628971+00:00,2026-08-22T08:33:43.738106+00:00,2026-08-22T08:33:44.049191+00:00,2026-08-22T08:33:44.049191+00:00,2026-08-22T08:33:44.359322+00:00,2026-08-22T08:33:44.562675+00:00,0.513,0.825,0.311,0.0,0.203,False,True,False,restart_service,restart_service,True,0,1,0.98,SUCCESS
RUN-C4F9D21E,EXP-REPORT,SCENARIO-06,naive_restart,1,True,FAILED,2026-08-22T08:33:44.670523+00:00,2026-08-22T08:33:44.782896+00:00,2026-08-22T08:33:45.091436+00:00,2026-08-22T08:33:45.092275+00:00,2026-08-22T08:33:45.092275+00:00,,120.0,120.0,0.309,0.001,2.0,False,False,True,restart_service,restart_service,,0,1,0.0,FAILED
RUN-F3CDA029,EXP-REPORT,SCENARIO-06,naive_restart,2,True,FAILED,2026-08-22T08:33:45.310317+00:00,2026-08-22T08:33:45.419049+00:00,2026-08-22T08:33:45.732385+00:00,2026-08-22T08:33:45.732385+00:00,2026-08-22T08:33:45.732385+00:00,,120.0,120.0,0.313,0.0,2.0,False,False,True,restart_service,restart_service,,0,1,0.0,FAILED
RUN-7A4EFD51,EXP-REPORT,SCENARIO-06,no_sandbox,1,True,COMPLETED,2026-08-22T08:33:45.950976+00:00,2026-08-22T08:33:46.059330+00:00,2026-08-22T08:33:46.371666+00:00,2026-08-22T08:33:46.371666+00:00,2026-08-22T08:33:46.371666+00:00,2026-08-22T08:33:46.371666+00:00,0.0,0.312,0.312,0.0,0.0,False,True,False,restart_service,restart_service,,0,1,0.92,SUCCESS
RUN-C7E5B96F,EXP-REPORT,SCENARIO-06,no_sandbox,2,True,COMPLETED,2026-08-22T08:33:46.482629+00:00,2026-08-22T08:33:46.588901+00:00,2026-08-22T08:33:46.900071+00:00,2026-08-22T08:33:46.900071+00:00,2026-08-22T08:33:46.900071+00:00,2026-08-22T08:33:46.900071+00:00,0.0,0.311,0.311,0.0,0.0,False,True,False,restart_service,restart_service,,0,1,0.92,SUCCESS
RUN-2FF7B382,EXP-REPORT,SCENARIO-06,no_multi_agent,1,True,FAILED,2026-08-22T08:33:47.008072+00:00,2026-08-22T08:33:47.119102+00:00,2026-08-22T08:33:47.429425+00:00,2026-08-22T08:33:47.429425+00:00,2026-08-22T08:33:47.429425+00:00,,120.0,120.0,0.31,0.0,2.0,False,False,True,restart_service,restart_service,True,0,1,0.0,FAILED
RUN-779064A3,EXP-REPORT,SCENARIO-06,no_multi_agent,2,True,FAILED,2026-08-22T08:33:47.539045+00:00,2026-08-22T08:33:47.648994+00:00,2026-08-22T08:33:47.961004+00:00,2026-08-22T08:33:47.961004+00:00,2026-08-22T08:33:47.961004+00:00,,120.0,120.0,0.312,0.0,2.0,False,False,True,restart_service,restart_service,True,0,1,0.0,FAILED
RUN-5A5526F4,EXP-REPORT,SCENARIO-06,no_rollback,1,True,COMPLETED,2026-08-22T08:33:48.070989+00:00,2026-08-22T08:33:48.182065+00:00,2026-08-22T08:33:48.490938+00:00,2026-08-22T08:33:48.490938+00:00,2026-08-22T08:33:48.490938+00:00,2026-08-22T08:33:48.490938+00:00,0.0,0.309,0.309,0.0,0.0,False,True,False,restart_service,restart_service,True,0,1,0.95,SUCCESS
RUN-E34E2FE8,EXP-REPORT,SCENARIO-06,no_rollback,2,True,COMPLETED,2026-08-22T08:33:48.602011+00:00,2026-08-22T08:33:48.711721+00:00,2026-08-22T08:33:49.027645+00:00,2026-08-22T08:33:49.027645+00:00,2026-08-22T08:33:49.027645+00:00,2026-08-22T08:33:49.027645+00:00,0.0,0.316,0.316,0.0,0.0,False,True,False,restart_service,restart_service,True,0,1,0.95,SUCCESS
RUN-8C4D7049,EXP-REPORT,SCENARIO-04,no_rollback,2,False,COMPLETED,2026-08-22T08:33:49.136790+00:00,2026-08-22T08:33:49.248652+00:00,2026-08-22T08:33:49.560038+00:00,2026-08-22T08:33:49.560038+00:00,2026-08-22T08:33:49.560038+00:00,2026-08-22T08:33:49.560038+00:00,0.0,0.311,0.311,0.0,0.0,False,True,False,clear_fault,clear_fault,True,0,1,0.95,SUCCESS
RUN-F6FF071B,EXP-REPORT,SCENARIO-01,no_multi_agent,2,False,COMPLETED,2026-08-22T08:33:49.668595+00:00,2026-08-22T08:33:49.776888+00:00,2026-08-22T08:33:50.102997+00:00,2026-08-22T08:33:50.102997+00:00,2026-08-22T08:33:50.102997+00:00,2026-08-22T08:33:50.102997+00:00,0.0,0.326,0.326,0.0,0.0,False,True,False,restart_service,restart_service,True,0,1,0.85,SUCCESS
RUN-576F0493,EXP-REPORT,SCENARIO-03,no_rollback,1,False,COMPLETED,2026-08-22T08:33:50.211158+00:00,2026-08-22T08:33:50.320082+00:00,2026-08-22T08:33:50.634562+00:00,2026-08-22T08:33:50.634562+00:00,2026-08-22T08:33:50.634562+00:00,2026-08-22T08:33:50.634562+00:00,0.0,0.314,0.314,0.0,0.0,False,True,False,clear_fault,clear_fault,True,0,1,0.95,SUCCESS
RUN-82FD2418,EXP-REPORT,SCENARIO-01,safeopsai,2,False,COMPLETED,2026-08-22T08:33:50.744887+00:00,2026-08-22T08:33:50.853818+00:00,2026-08-22T08:33:51.165890+00:00,2026-08-22T08:33:51.165890+00:00,2026-08-22T08:33:51.479916+00:00,2026-08-22T08:33:51.682932+00:00,0.517,0.829,0.312,0.0,0.203,False,True,False,restart_service,restart_service,True,0,1,0.98,SUCCESS
RUN-496A483C,EXP-REPORT,SCENARIO-05,no_rollback,1,False,COMPLETED,2026-08-22T08:33:51.791229+00:00,2026-08-22T08:33:51.900781+00:00,2026-08-22T08:33:52.209052+00:00,2026-08-22T08:33:52.209052+00:00,2026-08-22T08:33:52.209052+00:00,2026-08-22T08:33:52.209052+00:00,0.0,0.308,0.308,0.0,0.0,False,True,False,restart_service,restart_service,True,0,1,0.95,SUCCESS
RUN-5C07C601,EXP-REPORT,SCENARIO-05,no_sandbox,1,False,COMPLETED,2026-08-22T08:33:52.318434+00:00,2026-08-22T08:33:52.427922+00:00,2026-08-22T08:33:52.737865+00:00,2026-08-22T08:33:52.737865+00:00,2026-08-22T08:33:52.737865+00:00,2026-08-22T08:33:52.737865+00:00,0.0,0.31,0.31,0.0,0.0,False,True,False,restart_service,restart_service,,0,1,0.92,SUCCESS
RUN-382B4C23,EXP-REPORT,SCENARIO-02,safeopsai,1,False,COMPLETED,2026-08-22T08:33:52.849075+00:00,2026-08-22T08:33:52.957814+00:00,2026-08-22T08:33:53.269965+00:00,2026-08-22T08:33:53.269965+00:00,2026-08-22T08:33:53.580775+00:00,2026-08-22T08:33:53.784208+00:00,0.514,0.826,0.312,0.0,0.203,False,True,False,clear_fault,clear_fault,True,0,1,0.98,SUCCESS
RUN-BF2C7B6B,EXP-REPORT,SCENARIO-02,no_multi_agent,3,False,FAILED,2026-08-22T08:33:53.892231+00:00,2026-08-22T08:33:54.002703+00:00,2026-08-22T08:33:54.314339+00:00,2026-08-22T08:33:54.314339+00:00,2026-08-22T08:33:54.314339+00:00,,120.0,120.0,0.312,0.0,2.0,False,False,True,restart_service,restart_service,True,0,1,0.0,FAILED
RUN-622B4F51,EXP-REPORT,SCENARIO-03,no_multi_agent,2,False,FAILED,2026-08-22T08:33:54.423138+00:00,2026-08-22T08:33:54.532382+00:00,2026-08-22T08:33:54.845587+00:00,2026-08-22T08:33:54.845587+00:00,2026-08-22T08:33:54.845587+00:00,,120.0,120.0,0.313,0.0,2.0,False,False,True,restart_service,restart_service,True,0,1,0.0,FAILED
RUN-E970B4AA,EXP-REPORT,SCENARIO-03,safeopsai,3,False,COMPLETED,2026-08-22T08:33:54.954664+00:00,2026-08-22T08:33:55.064186+00:00,2026-08-22T08:33:55.390254+00:00,2026-08-22T08:33:55.390254+00:00,2026-08-22T08:33:55.699612+00:00,2026-08-22T08:33:55.903612+00:00,0.513,0.839,0.326,0.0,0.204,False,True,False,clear_fault,clear_fault,True,0,1,0.98,SUCCESS
RUN-3AEC8531,EXP-REPORT,SCENARIO-04,safeopsai,1,False,COMPLETED,2026-08-22T08:33:56.012476+00:00,2026-08-22T08:33:56.122126+00:00,2026-08-22T08:33:56.432055+00:00,2026-08-22T08:33:56.432055+00:00,2026-08-22T08:33:56.743158+00:00,2026-08-22T08:33:56.947351+00:00,0.515,0.825,0.31,0.0,0.204,False,True,False,clear_fault,clear_fault,True,0,1,0.98,SUCCESS
RUN-6364ABE2,EXP-REPORT,SCENARIO-04,safeopsai,3,False,COMPLETED,2026-08-22T08:33:57.056422+00:00,2026-08-22T08:33:57.167233+00:00,2026-08-22T08:33:57.477879+00:00,2026-08-22T08:33:57.477879+00:00,2026-08-22T08:33:57.788426+00:00,2026-08-22T08:33:57.991290+00:00,0.513,0.824,0.311,0.0,0.203,False,True,False,clear_fault,clear_fault,True,0,1,0.98,SUCCESS
RUN-634178C8,EXP-REPORT,SCENARIO-05,no_sandbox,2,False,COMPLETED,2026-08-22T08:33:58.102542+00:00,2026-08-22T08:33:58.211556+00:00,2026-08-22T08:33:58.525384+00:00,2026-08-22T08:33:58.525384+00:00,2026-08-22T08:33:58.525384+00:00,2026-08-22T08:33:58.525384+00:00,0.0,0.314,0.314,0.0,0.0,False,True,False,restart_service,restart_service,,0,1,0.92,SUCCESS
RUN-AE2783E6,EXP-REPORT,SCENARIO-02,naive_restart,2,False,FAILED,2026-08-22T08:33:58.634117+00:00,2026-08-22T08:33:58.741390+00:00,2026-08-22T08:33:59.055335+00:00,2026-08-22T08:33:59.055335+00:00,2026-08-22T08:33:59.055335+00:00,,120.0,120.0,0.314,0.0,2.0,False,False,True,restart_service,restart_service,,0,1,0.0,FAILED
RUN-34DCDE75,EXP-REPORT,SCENARIO-04,no_rollback,3,False,COMPLETED,2026-08-22T08:33:59.273125+00:00,2026-08-22T08:33:59.381875+00:00,2026-08-22T08:33:59.695317+00:00,2026-08-22T08:33:59.695317+00:00,2026-08-22T08:33:59.695317+00:00,2026-08-22T08:33:59.695317+00:00,0.0,0.313,0.313,0.0,0.0,False,True,False,clear_fault,clear_fault,True,0,1,0.95,SUCCESS
RUN-CF6C38E6,EXP-REPORT,SCENARIO-04,no_multi_agent,2,False,FAILED,2026-08-22T08:33:59.806255+00:00,2026-08-22T08:33:59.916825+00:00,2026-08-22T08:34:00.227894+00:00,2026-08-22T08:34:00.227894+00:00,2026-08-22T08:34:00.227894+00:00,,120.0,120.0,0.311,0.0,2.0,False,False,True,restart_service,restart_service,True,0,1,0.0,FAILED
RUN-8BBD1B55,EXP-REPORT,SCENARIO-05,safeopsai,3,False,COMPLETED,2026-08-22T08:34:00.339015+00:00,2026-08-22T08:34:00.448799+00:00,2026-08-22T08:34:00.760396+00:00,2026-08-22T08:34:00.760396+00:00,2026-08-22T08:34:01.074295+00:00,2026-08-22T08:34:01.290146+00:00,0.53,0.841,0.312,0.0,0.216,False,True,False,restart_service,restart_service,True,0,1,0.98,SUCCESS
RUN-5A54B38C,EXP-REPORT,SCENARIO-05,no_multi_agent,2,False,COMPLETED,2026-08-22T08:34:01.400519+00:00,2026-08-22T08:34:01.509952+00:00,2026-08-22T08:34:01.819150+00:00,2026-08-22T08:34:01.819150+00:00,2026-08-22T08:34:01.819150+00:00,2026-08-22T08:34:01.819150+00:00,0.0,0.309,0.309,0.0,0.0,False,True,False,restart_service,restart_service,True,0,1,0.85,SUCCESS
RUN-2CEA7D4A,EXP-REPORT,SCENARIO-04,no_sandbox,1,False,COMPLETED,2026-08-22T08:34:01.927918+00:00,2026-08-22T08:34:02.037775+00:00,2026-08-22T08:34:02.364243+00:00,2026-08-22T08:34:02.364243+00:00,2026-08-22T08:34:02.364243+00:00,2026-08-22T08:34:02.364243+00:00,0.0,0.326,0.326,0.0,0.0,False,True,False,clear_fault,clear_fault,,0,1,0.92,SUCCESS
RUN-32D64D51,EXP-REPORT,SCENARIO-04,no_multi_agent,3,False,FAILED,2026-08-22T08:34:02.471048+00:00,2026-08-22T08:34:02.581797+00:00,2026-08-22T08:34:02.896121+00:00,2026-08-22T08:34:02.896121+00:00,2026-08-22T08:34:02.896121+00:00,,120.0,120.0,0.314,0.0,2.0,False,False,True,restart_service,restart_service,True,0,1,0.0,FAILED
RUN-BFAF5CB2,EXP-REPORT,SCENARIO-04,naive_restart,2,False,FAILED,2026-08-22T08:34:03.005822+00:00,2026-08-22T08:34:03.117298+00:00,2026-08-22T08:34:03.426173+00:00,2026-08-22T08:34:03.426173+00:00,2026-08-22T08:34:03.426173+00:00,,120.0,120.0,0.309,0.0,2.0,False,False,True,restart_service,restart_service,,0,1,0.0,FAILED
RUN-9874B31C,EXP-REPORT,SCENARIO-06,no_multi_agent,2,False,FAILED,2026-08-22T08:34:03.643977+00:00,2026-08-22T08:34:03.752542+00:00,2026-08-22T08:34:04.064996+00:00,2026-08-22T08:34:04.064996+00:00,2026-08-22T08:34:04.064996+00:00,,120.0,120.0,0.312,0.0,2.0,False,False,True,restart_service,restart_service,True,0,1,0.0,FAILED
RUN-AE14AF5D,EXP-REPORT,SCENARIO-06,naive_restart,2,False,FAILED,2026-08-22T08:34:04.173912+00:00,2026-08-22T08:34:04.283894+00:00,2026-08-22T08:34:04.595098+00:00,2026-08-22T08:34:04.595098+00:00,2026-08-22T08:34:04.595098+00:00,,120.0,120.0,0.311,0.0,2.0,False,False,True,restart_service,restart_service,,0,1,0.0,FAILED
RUN-36459153,EXP-REPORT,SCENARIO-05,naive_restart,1,False,COMPLETED,2026-08-22T08:34:04.815504+00:00,2026-08-22T08:34:04.922798+00:00,2026-08-22T08:34:05.233633+00:00,2026-08-22T08:34:05.233633+00:00,2026-08-22T08:34:05.233633+00:00,2026-08-22T08:34:05.342612+00:00,0.109,0.42,0.311,0.0,0.109,False,True,False,restart_service,restart_service,,0,1,1.0,COMPLETED
RUN-7F6885BC,EXP-REPORT,SCENARIO-03,naive_restart,1,False,FAILED,2026-08-22T08:34:05.452389+00:00,2026-08-22T08:34:05.559615+00:00,2026-08-22T08:34:05.870900+00:00,2026-08-22T08:34:05.870900+00:00,2026-08-22T08:34:05.870900+00:00,,120.0,120.0,0.311,0.0,2.0,False,False,True,restart_service,restart_service,,0,1,0.0,FAILED
RUN-25C37944,EXP-REPORT,SCENARIO-01,no_sandbox,3,False,COMPLETED,2026-08-22T08:34:06.091943+00:00,2026-08-22T08:34:06.200306+00:00,2026-08-22T08:34:06.515271+00:00,2026-08-22T08:34:06.515271+00:00,2026-08-22T08:34:06.515271+00:00,2026-08-22T08:34:06.515271+00:00,0.0,0.315,0.315,0.0,0.0,False,True,False,restart_service,restart_service,,0,1,0.92,SUCCESS
RUN-61519CE4,EXP-REPORT,SCENARIO-03,no_sandbox,2,False,COMPLETED,2026-08-22T08:34:06.625083+00:00,2026-08-22T08:34:06.735806+00:00,2026-08-22T08:34:07.048358+00:00,2026-08-22T08:34:07.049386+00:00,2026-08-22T08:34:07.049386+00:00,2026-08-22T08:34:07.049386+00:00,0.001,0.314,0.313,0.001,0.0,False,True,False,clear_fault,clear_fault,,0,1,0.92,SUCCESS
RUN-CA62F5F1,EXP-REPORT,SCENARIO-05,no_multi_agent,3,False,COMPLETED,2026-08-22T08:34:07.157319+00:00,2026-08-22T08:34:07.267847+00:00,2026-08-22T08:34:07.576347+00:00,2026-08-22T08:34:07.576347+00:00,2026-08-22T08:34:07.576347+00:00,2026-08-22T08:34:07.576347+00:00,0.0,0.308,0.308,0.0,0.0,False,True,False,restart_service,restart_service,True,0,1,0.85,SUCCESS
RUN-AFAB374A,EXP-REPORT,SCENARIO-03,safeopsai,1,False,COMPLETED,2026-08-22T08:34:07.685502+00:00,2026-08-22T08:34:07.794533+00:00,2026-08-22T08:34:08.107140+00:00,2026-08-22T08:34:08.107711+00:00,2026-08-22T08:34:08.419898+00:00,2026-08-22T08:34:08.621848+00:00,0.515,0.827,0.313,0.001,0.202,False,True,False,clear_fault,clear_fault,True,0,1,0.98,SUCCESS
RUN-BEA60E54,EXP-REPORT,SCENARIO-03,no_rollback,2,False,COMPLETED,2026-08-22T08:34:08.731653+00:00,2026-08-22T08:34:08.840339+00:00,2026-08-22T08:34:09.152156+00:00,2026-08-22T08:34:09.152156+00:00,2026-08-22T08:34:09.152156+00:00,2026-08-22T08:34:09.152156+00:00,0.0,0.312,0.312,0.0,0.0,False,True,False,clear_fault,clear_fault,True,0,1,0.95,SUCCESS
RUN-45A025E7,EXP-REPORT,SCENARIO-05,safeopsai,2,False,COMPLETED,2026-08-22T08:34:09.262136+00:00,2026-08-22T08:34:09.371651+00:00,2026-08-22T08:34:09.683708+00:00,2026-08-22T08:34:09.683708+00:00,2026-08-22T08:34:09.994963+00:00,2026-08-22T08:34:10.197093+00:00,0.513,0.825,0.312,0.0,0.202,False,True,False,restart_service,restart_service,True,0,1,0.98,SUCCESS
RUN-6582564D,EXP-REPORT,SCENARIO-03,no_multi_agent,3,False,FAILED,2026-08-22T08:34:10.306023+00:00,2026-08-22T08:34:10.416054+00:00,2026-08-22T08:34:10.728074+00:00,2026-08-22T08:34:10.728074+00:00,2026-08-22T08:34:10.728074+00:00,,120.0,120.0,0.312,0.0,2.0,False,False,True,restart_service,restart_service,True,0,1,0.0,FAILED
RUN-13BB8C97,EXP-REPORT,SCENARIO-03,no_multi_agent,1,False,FAILED,2026-08-22T08:34:10.837637+00:00,2026-08-22T08:34:10.947379+00:00,2026-08-22T08:34:11.260477+00:00,2026-08-22T08:34:11.260477+00:00,2026-08-22T08:34:11.260477+00:00,,120.0,120.0,0.313,0.0,2.0,False,False,True,restart_service,restart_service,True,0,1,0.0,FAILED
RUN-65071DF4,EXP-REPORT,SCENARIO-06,no_rollback,2,False,COMPLETED,2026-08-22T08:34:11.368196+00:00,2026-08-22T08:34:11.477555+00:00,2026-08-22T08:34:11.789526+00:00,2026-08-22T08:34:11.789526+00:00,2026-08-22T08:34:11.789526+00:00,2026-08-22T08:34:11.789526+00:00,0.0,0.312,0.312,0.0,0.0,False,True,False,restart_service,restart_service,True,0,1,0.95,SUCCESS
RUN-93E5FAF1,EXP-REPORT,SCENARIO-04,safeopsai,2,False,COMPLETED,2026-08-22T08:34:11.898930+00:00,2026-08-22T08:34:12.007394+00:00,2026-08-22T08:34:12.319547+00:00,2026-08-22T08:34:12.319547+00:00,2026-08-22T08:34:12.628868+00:00,2026-08-22T08:34:12.830337+00:00,0.511,0.823,0.312,0.0,0.201,False,True,False,clear_fault,clear_fault,True,0,1,0.98,SUCCESS
RUN-B906E43C,EXP-REPORT,SCENARIO-06,safeopsai,3,False,COMPLETED,2026-08-22T08:34:12.939572+00:00,2026-08-22T08:34:13.050996+00:00,2026-08-22T08:34:13.359798+00:00,2026-08-22T08:34:13.359798+00:00,2026-08-22T08:34:13.672842+00:00,2026-08-22T08:34:13.875782+00:00,0.516,0.825,0.309,0.0,0.203,False,True,False,restart_service,restart_service,True,0,1,0.98,SUCCESS
RUN-79AE88DF,EXP-REPORT,SCENARIO-01,no_rollback,1,False,COMPLETED,2026-08-22T08:34:13.985149+00:00,2026-08-22T08:34:14.096826+00:00,2026-08-22T08:34:14.409352+00:00,2026-08-22T08:34:14.409352+00:00,2026-08-22T08:34:14.409352+00:00,2026-08-22T08:34:14.409352+00:00,0.0,0.313,0.313,0.0,0.0,False,True,False,restart_service,restart_service,True,0,1,0.95,SUCCESS
RUN-23CDC994,EXP-REPORT,SCENARIO-03,no_sandbox,1,False,COMPLETED,2026-08-22T08:34:14.520528+00:00,2026-08-22T08:34:14.629285+00:00,2026-08-22T08:34:14.943336+00:00,2026-08-22T08:34:14.943336+00:00,2026-08-22T08:34:14.943336+00:00,2026-08-22T08:34:14.943336+00:00,0.0,0.314,0.314,0.0,0.0,False,True,False,clear_fault,clear_fault,,0,1,0.92,SUCCESS
RUN-CCEB1BA0,EXP-REPORT,SCENARIO-02,no_sandbox,3,False,COMPLETED,2026-08-22T08:34:15.051990+00:00,2026-08-22T08:34:15.160994+00:00,2026-08-22T08:34:15.473308+00:00,2026-08-22T08:34:15.473308+00:00,2026-08-22T08:34:15.473308+00:00,2026-08-22T08:34:15.473308+00:00,0.0,0.312,0.312,0.0,0.0,False,True,False,clear_fault,clear_fault,,0,1,0.92,SUCCESS
RUN-297037E9,EXP-REPORT,SCENARIO-02,naive_restart,1,False,FAILED,2026-08-22T08:34:15.582523+00:00,2026-08-22T08:34:15.692460+00:00,2026-08-22T08:34:16.004679+00:00,2026-08-22T08:34:16.004679+00:00,2026-08-22T08:34:16.004679+00:00,,120.0,120.0,0.312,0.0,2.0,False,False,True,restart_service,restart_service,,0,1,0.0,FAILED
RUN-B14E5714,EXP-REPORT,SCENARIO-05,naive_restart,3,False,COMPLETED,2026-08-22T08:34:16.222482+00:00,2026-08-22T08:34:16.331503+00:00,2026-08-22T08:34:16.642957+00:00,2026-08-22T08:34:16.642957+00:00,2026-08-22T08:34:16.642957+00:00,2026-08-22T08:34:16.752992+00:00,0.11,0.421,0.311,0.0,0.11,False,True,False,restart_service,restart_service,,0,1,1.0,COMPLETED
RUN-0F878AB2,EXP-REPORT,SCENARIO-05,no_sandbox,3,False,COMPLETED,2026-08-22T08:34:16.859872+00:00,2026-08-22T08:34:16.970498+00:00,2026-08-22T08:34:17.283162+00:00,2026-08-22T08:34:17.284160+00:00,2026-08-22T08:34:17.284160+00:00,2026-08-22T08:34:17.284160+00:00,0.001,0.314,0.313,0.001,0.0,False,True,False,restart_service,restart_service,,0,1,0.92,SUCCESS
RUN-358A1678,EXP-REPORT,SCENARIO-04,no_sandbox,2,False,COMPLETED,2026-08-22T08:34:17.392484+00:00,2026-08-22T08:34:17.502333+00:00,2026-08-22T08:34:17.813455+00:00,2026-08-22T08:34:17.813455+00:00,2026-08-22T08:34:17.813455+00:00,2026-08-22T08:34:17.813455+00:00,0.0,0.311,0.311,0.0,0.0,False,True,False,clear_fault,clear_fault,,0,1,0.92,SUCCESS
RUN-1A7ED14F,EXP-REPORT,SCENARIO-01,no_sandbox,2,False,COMPLETED,2026-08-22T08:34:17.922817+00:00,2026-08-22T08:34:18.030864+00:00,2026-08-22T08:34:18.341578+00:00,2026-08-22T08:34:18.341578+00:00,2026-08-22T08:34:18.341578+00:00,2026-08-22T08:34:18.341578+00:00,0.0,0.311,0.311,0.0,0.0,False,True,False,restart_service,restart_service,,0,1,0.92,SUCCESS
RUN-9F1D5418,EXP-REPORT,SCENARIO-03,naive_restart,2,False,FAILED,2026-08-22T08:34:18.450412+00:00,2026-08-22T08:34:18.560152+00:00,2026-08-22T08:34:18.886475+00:00,2026-08-22T08:34:18.887361+00:00,2026-08-22T08:34:18.887361+00:00,,120.0,120.0,0.326,0.001,2.0,False,False,True,restart_service,restart_service,,0,1,0.0,FAILED
RUN-DAAA011A,EXP-REPORT,SCENARIO-05,no_rollback,2,False,COMPLETED,2026-08-22T08:34:19.104629+00:00,2026-08-22T08:34:19.215557+00:00,2026-08-22T08:34:19.527374+00:00,2026-08-22T08:34:19.527374+00:00,2026-08-22T08:34:19.527374+00:00,2026-08-22T08:34:19.527374+00:00,0.0,0.312,0.312,0.0,0.0,False,True,False,restart_service,restart_service,True,0,1,0.95,SUCCESS
RUN-E3FC13B3,EXP-REPORT,SCENARIO-01,safeopsai,3,False,COMPLETED,2026-08-22T08:34:19.637795+00:00,2026-08-22T08:34:19.747683+00:00,2026-08-22T08:34:20.057537+00:00,2026-08-22T08:34:20.057537+00:00,2026-08-22T08:34:20.369705+00:00,2026-08-22T08:34:20.573283+00:00,0.516,0.826,0.31,0.0,0.204,False,True,False,restart_service,restart_service,True,0,1,0.98,SUCCESS
RUN-ED7451E2,EXP-REPORT,SCENARIO-02,safeopsai,2,False,COMPLETED,2026-08-22T08:34:20.681270+00:00,2026-08-22T08:34:20.791423+00:00,2026-08-22T08:34:21.104320+00:00,2026-08-22T08:34:21.104320+00:00,2026-08-22T08:34:21.419284+00:00,2026-08-22T08:34:21.622701+00:00,0.518,0.831,0.313,0.0,0.203,False,True,False,clear_fault,clear_fault,True,0,1,0.98,SUCCESS
RUN-E5210743,EXP-REPORT,SCENARIO-03,no_sandbox,3,False,COMPLETED,2026-08-22T08:34:21.732435+00:00,2026-08-22T08:34:21.839361+00:00,2026-08-22T08:34:22.165181+00:00,2026-08-22T08:34:22.165181+00:00,2026-08-22T08:34:22.165181+00:00,2026-08-22T08:34:22.165181+00:00,0.0,0.326,0.326,0.0,0.0,False,True,False,clear_fault,clear_fault,,0,1,0.92,SUCCESS
RUN-B9C87C7F,EXP-REPORT,SCENARIO-04,naive_restart,3,False,FAILED,2026-08-22T08:34:22.274317+00:00,2026-08-22T08:34:22.385044+00:00,2026-08-22T08:34:22.699006+00:00,2026-08-22T08:34:22.699006+00:00,2026-08-22T08:34:22.699006+00:00,,120.0,120.0,0.314,0.0,2.0,False,False,True,restart_service,restart_service,,0,1,0.0,FAILED
RUN-0434843C,EXP-REPORT,SCENARIO-02,no_sandbox,2,False,COMPLETED,2026-08-22T08:34:22.918505+00:00,2026-08-22T08:34:23.030095+00:00,2026-08-22T08:34:23.340329+00:00,2026-08-22T08:34:23.340329+00:00,2026-08-22T08:34:23.340329+00:00,2026-08-22T08:34:23.340329+00:00,0.0,0.31,0.31,0.0,0.0,False,True,False,clear_fault,clear_fault,,0,1,0.92,SUCCESS
RUN-011493C0,EXP-REPORT,SCENARIO-06,naive_restart,1,False,FAILED,2026-08-22T08:34:23.451273+00:00,2026-08-22T08:34:23.560708+00:00,2026-08-22T08:34:23.872105+00:00,2026-08-22T08:34:23.872105+00:00,2026-08-22T08:34:23.872105+00:00,,120.0,120.0,0.311,0.0,2.0,False,False,True,restart_service,restart_service,,0,1,0.0,FAILED
RUN-328A8506,EXP-REPORT,SCENARIO-02,no_multi_agent,1,False,FAILED,2026-08-22T08:34:24.090449+00:00,2026-08-22T08:34:24.199619+00:00,2026-08-22T08:34:24.511116+00:00,2026-08-22T08:34:24.511116+00:00,2026-08-22T08:34:24.511116+00:00,,120.0,120.0,0.311,0.0,2.0,False,False,True,restart_service,restart_service,True,0,1,0.0,FAILED
RUN-B976B461,EXP-REPORT,SCENARIO-01,naive_restart,3,False,COMPLETED,2026-08-22T08:34:24.619604+00:00,2026-08-22T08:34:24.730951+00:00,2026-08-22T08:34:25.040683+00:00,2026-08-22T08:34:25.040683+00:00,2026-08-22T08:34:25.040683+00:00,2026-08-22T08:34:25.150522+00:00,0.11,0.42,0.31,0.0,0.11,False,True,False,restart_service,restart_service,,0,1,1.0,COMPLETED
RUN-2835ACAE,EXP-REPORT,SCENARIO-01,no_sandbox,1,False,COMPLETED,2026-08-22T08:34:25.259712+00:00,2026-08-22T08:34:25.370668+00:00,2026-08-22T08:34:25.683462+00:00,2026-08-22T08:34:25.683462+00:00,2026-08-22T08:34:25.683462+00:00,2026-08-22T08:34:25.683462+00:00,0.0,0.313,0.313,0.0,0.0,False,True,False,restart_service,restart_service,,0,1,0.92,SUCCESS
RUN-FB929757,EXP-REPORT,SCENARIO-05,safeopsai,1,False,COMPLETED,2026-08-22T08:34:25.794487+00:00,2026-08-22T08:34:25.904560+00:00,2026-08-22T08:34:26.217140+00:00,2026-08-22T08:34:26.217140+00:00,2026-08-22T08:34:26.528278+00:00,2026-08-22T08:34:26.732902+00:00,0.516,0.828,0.313,0.0,0.205,False,True,False,restart_service,restart_service,True,0,1,0.98,SUCCESS
RUN-1D10B248,EXP-REPORT,SCENARIO-04,naive_restart,1,False,FAILED,2026-08-22T08:34:26.841185+00:00,2026-08-22T08:34:26.949482+00:00,2026-08-22T08:34:27.261196+00:00,2026-08-22T08:34:27.261196+00:00,2026-08-22T08:34:27.261196+00:00,,120.0,120.0,0.312,0.0,2.0,False,False,True,restart_service,restart_service,,0,1,0.0,FAILED
RUN-F1B14004,EXP-REPORT,SCENARIO-06,no_sandbox,2,False,COMPLETED,2026-08-22T08:34:27.481027+00:00,2026-08-22T08:34:27.589178+00:00,2026-08-22T08:34:27.900637+00:00,2026-08-22T08:34:27.900637+00:00,2026-08-22T08:34:27.900637+00:00,2026-08-22T08:34:27.900637+00:00,0.0,0.311,0.311,0.0,0.0,False,True,False,restart_service,restart_service,,0,1,0.92,SUCCESS
RUN-B428C57B,EXP-REPORT,SCENARIO-01,no_multi_agent,1,False,COMPLETED,2026-08-22T08:34:28.009955+00:00,2026-08-22T08:34:28.119322+00:00,2026-08-22T08:34:28.433199+00:00,2026-08-22T08:34:28.433199+00:00,2026-08-22T08:34:28.433199+00:00,2026-08-22T08:34:28.433199+00:00,0.0,0.314,0.314,0.0,0.0,False,True,False,restart_service,restart_service,True,0,1,0.85,SUCCESS
RUN-74AB1950,EXP-REPORT,SCENARIO-06,no_sandbox,3,False,COMPLETED,2026-08-22T08:34:28.541362+00:00,2026-08-22T08:34:28.651393+00:00,2026-08-22T08:34:28.961377+00:00,2026-08-22T08:34:28.961377+00:00,2026-08-22T08:34:28.961377+00:00,2026-08-22T08:34:28.961377+00:00,0.0,0.31,0.31,0.0,0.0,False,True,False,restart_service,restart_service,,0,1,0.92,SUCCESS
RUN-2D8C9C38,EXP-REPORT,SCENARIO-02,no_sandbox,1,False,COMPLETED,2026-08-22T08:34:29.071305+00:00,2026-08-22T08:34:29.180944+00:00,2026-08-22T08:34:29.493216+00:00,2026-08-22T08:34:29.493216+00:00,2026-08-22T08:34:29.493216+00:00,2026-08-22T08:34:29.493216+00:00,0.0,0.312,0.312,0.0,0.0,False,True,False,clear_fault,clear_fault,,0,1,0.92,SUCCESS
RUN-06141D40,EXP-REPORT,SCENARIO-05,no_rollback,3,False,COMPLETED,2026-08-22T08:34:29.603781+00:00,2026-08-22T08:34:29.710585+00:00,2026-08-22T08:34:30.022552+00:00,2026-08-22T08:34:30.022552+00:00,2026-08-22T08:34:30.022552+00:00,2026-08-22T08:34:30.022552+00:00,0.0,0.312,0.312,0.0,0.0,False,True,False,restart_service,restart_service,True,0,1,0.95,SUCCESS
RUN-25C6DB83,EXP-REPORT,SCENARIO-03,no_rollback,3,False,COMPLETED,2026-08-22T08:34:30.133680+00:00,2026-08-22T08:34:30.243157+00:00,2026-08-22T08:34:30.555330+00:00,2026-08-22T08:34:30.555330+00:00,2026-08-22T08:34:30.555330+00:00,2026-08-22T08:34:30.555330+00:00,0.0,0.312,0.312,0.0,0.0,False,True,False,clear_fault,clear_fault,True,0,1,0.95,SUCCESS
RUN-75A75C3C,EXP-REPORT,SCENARIO-02,naive_restart,3,False,FAILED,2026-08-22T08:34:30.666415+00:00,2026-08-22T08:34:30.775272+00:00,2026-08-22T08:34:31.086330+00:00,2026-08-22T08:34:31.086330+00:00,2026-08-22T08:34:31.086330+00:00,,120.0,120.0,0.311,0.0,2.0,False,False,True,restart_service,restart_service,,0,1,0.0,FAILED
RUN-49C848F5,EXP-REPORT,SCENARIO-01,safeopsai,1,False,COMPLETED,2026-08-22T08:34:31.303140+00:00,2026-08-22T08:34:31.413832+00:00,2026-08-22T08:34:31.725624+00:00,2026-08-22T08:34:31.725624+00:00,2026-08-22T08:34:32.039415+00:00,2026-08-22T08:34:32.243985+00:00,0.518,0.83,0.312,0.0,0.205,False,True,False,restart_service,restart_service,True,0,1,0.98,SUCCESS
RUN-04E8B897,EXP-REPORT,SCENARIO-06,no_multi_agent,3,False,FAILED,2026-08-22T08:34:32.353198+00:00,2026-08-22T08:34:32.463718+00:00,2026-08-22T08:34:32.775343+00:00,2026-08-22T08:34:32.775343+00:00,2026-08-22T08:34:32.775343+00:00,,120.0,120.0,0.312,0.0,2.0,False,False,True,restart_service,restart_service,True,0,1,0.0,FAILED
RUN-BBF6DFB3,EXP-REPORT,SCENARIO-04,no_rollback,1,False,COMPLETED,2026-08-22T08:34:32.883015+00:00,2026-08-22T08:34:32.993662+00:00,2026-08-22T08:34:33.305396+00:00,2026-08-22T08:34:33.305396+00:00,2026-08-22T08:34:33.305396+00:00,2026-08-22T08:34:33.305396+00:00,0.0,0.312,0.312,0.0,0.0,False,True,False,clear_fault,clear_fault,True,0,1,0.95,SUCCESS
RUN-709FD3F0,EXP-REPORT,SCENARIO-06,no_multi_agent,1,False,FAILED,2026-08-22T08:34:33.415902+00:00,2026-08-22T08:34:33.523216+00:00,2026-08-22T08:34:33.835495+00:00,2026-08-22T08:34:33.835495+00:00,2026-08-22T08:34:33.836498+00:00,,120.0,120.0,0.312,0.0,2.0,False,False,True,restart_service,restart_service,True,0,1,0.0,FAILED
RUN-BEB9930C,EXP-REPORT,SCENARIO-04,no_sandbox,3,False,COMPLETED,2026-08-22T08:34:33.945888+00:00,2026-08-22T08:34:34.053282+00:00,2026-08-22T08:34:34.365641+00:00,2026-08-22T08:34:34.365641+00:00,2026-08-22T08:34:34.365641+00:00,2026-08-22T08:34:34.365641+00:00,0.0,0.312,0.312,0.0,0.0,False,True,False,clear_fault,clear_fault,,0,1,0.92,SUCCESS
RUN-B68FD31F,EXP-REPORT,SCENARIO-06,no_rollback,3,False,COMPLETED,2026-08-22T08:34:34.474763+00:00,2026-08-22T08:34:34.584343+00:00,2026-08-22T08:34:34.911154+00:00,2026-08-22T08:34:34.911154+00:00,2026-08-22T08:34:34.911154+00:00,2026-08-22T08:34:34.911154+00:00,0.0,0.327,0.327,0.0,0.0,False,True,False,restart_service,restart_service,True,0,1,0.95,SUCCESS
RUN-C78A4FCA,EXP-REPORT,SCENARIO-02,no_multi_agent,2,False,FAILED,2026-08-22T08:34:35.020627+00:00,2026-08-22T08:34:35.129362+00:00,2026-08-22T08:34:35.441642+00:00,2026-08-22T08:34:35.441642+00:00,2026-08-22T08:34:35.442483+00:00,,120.0,120.0,0.312,0.0,2.0,False,False,True,restart_service,restart_service,True,0,1,0.0,FAILED
RUN-D217F089,EXP-REPORT,SCENARIO-06,safeopsai,2,False,COMPLETED,2026-08-22T08:34:35.552145+00:00,2026-08-22T08:34:35.662364+00:00,2026-08-22T08:34:35.986490+00:00,2026-08-22T08:34:35.986490+00:00,2026-08-22T08:34:36.301118+00:00,2026-08-22T08:34:36.503538+00:00,0.517,0.841,0.324,0.0,0.202,False,True,False,restart_service,restart_service,True,0,1,0.98,SUCCESS
RUN-021FBE1F,EXP-REPORT,SCENARIO-05,naive_restart,2,False,COMPLETED,2026-08-22T08:34:36.613348+00:00,2026-08-22T08:34:36.721835+00:00,2026-08-22T08:34:37.034381+00:00,2026-08-22T08:34:37.034381+00:00,2026-08-22T08:34:37.034381+00:00,2026-08-22T08:34:37.145060+00:00,0.111,0.423,0.313,0.0,0.111,False,True,False,restart_service,restart_service,,0,1,1.0,COMPLETED
RUN-E6EDDE8B,EXP-REPORT,SCENARIO-02,no_rollback,3,False,COMPLETED,2026-08-22T08:34:37.252043+00:00,2026-08-22T08:34:37.362461+00:00,2026-08-22T08:34:37.672571+00:00,2026-08-22T08:34:37.672571+00:00,2026-08-22T08:34:37.672571+00:00,2026-08-22T08:34:37.672571+00:00,0.0,0.31,0.31,0.0,0.0,False,True,False,clear_fault,clear_fault,True,0,1,0.95,SUCCESS
RUN-DD63CDB8,EXP-REPORT,SCENARIO-02,no_rollback,1,False,COMPLETED,2026-08-22T08:34:37.781671+00:00,2026-08-22T08:34:37.891357+00:00,2026-08-22T08:34:38.203818+00:00,2026-08-22T08:34:38.203818+00:00,2026-08-22T08:34:38.203818+00:00,2026-08-22T08:34:38.203818+00:00,0.0,0.312,0.312,0.0,0.0,False,True,False,clear_fault,clear_fault,True,0,1,0.95,SUCCESS
RUN-7E059FEF,EXP-REPORT,SCENARIO-06,naive_restart,3,False,FAILED,2026-08-22T08:34:38.312162+00:00,2026-08-22T08:34:38.419226+00:00,2026-08-22T08:34:38.733392+00:00,2026-08-22T08:34:38.733392+00:00,2026-08-22T08:34:38.733392+00:00,,120.0,120.0,0.314,0.0,2.0,False,False,True,restart_service,restart_service,,0,1,0.0,FAILED
RUN-8883CC96,EXP-REPORT,SCENARIO-06,no_rollback,1,False,COMPLETED,2026-08-22T08:34:38.952384+00:00,2026-08-22T08:34:39.060498+00:00,2026-08-22T08:34:39.372307+00:00,2026-08-22T08:34:39.372307+00:00,2026-08-22T08:34:39.372307+00:00,2026-08-22T08:34:39.372307+00:00,0.0,0.312,0.312,0.0,0.0,False,True,False,restart_service,restart_service,True,0,1,0.95,SUCCESS
RUN-384C53D2,EXP-REPORT,SCENARIO-01,naive_restart,2,False,COMPLETED,2026-08-22T08:34:39.481195+00:00,2026-08-22T08:34:39.591441+00:00,2026-08-22T08:34:39.902061+00:00,2026-08-22T08:34:39.902061+00:00,2026-08-22T08:34:39.902061+00:00,2026-08-22T08:34:40.011409+00:00,0.109,0.42,0.311,0.0,0.109,False,True,False,restart_service,restart_service,,0,1,1.0,COMPLETED
RUN-49CB4A34,EXP-REPORT,SCENARIO-04,no_multi_agent,1,False,FAILED,2026-08-22T08:34:40.120613+00:00,2026-08-22T08:34:40.232236+00:00,2026-08-22T08:34:40.543941+00:00,2026-08-22T08:34:40.543941+00:00,2026-08-22T08:34:40.543941+00:00,,120.0,120.0,0.312,0.0,2.0,False,False,True,restart_service,restart_service,True,0,1,0.0,FAILED
RUN-FFD134F9,EXP-REPORT,SCENARIO-06,safeopsai,1,False,COMPLETED,2026-08-22T08:34:40.653950+00:00,2026-08-22T08:34:40.763311+00:00,2026-08-22T08:34:41.075050+00:00,2026-08-22T08:34:41.075050+00:00,2026-08-22T08:34:41.385532+00:00,2026-08-22T08:34:41.588680+00:00,0.514,0.825,0.312,0.0,0.203,False,True,False,restart_service,restart_service,True,0,1,0.98,SUCCESS
RUN-F76A64F7,EXP-REPORT,SCENARIO-01,no_multi_agent,3,False,COMPLETED,2026-08-22T08:34:41.696771+00:00,2026-08-22T08:34:41.805007+00:00,2026-08-22T08:34:42.116585+00:00,2026-08-22T08:34:42.116585+00:00,2026-08-22T08:34:42.116585+00:00,2026-08-22T08:34:42.116585+00:00,0.0,0.312,0.312,0.0,0.0,False,True,False,restart_service,restart_service,True,0,1,0.85,SUCCESS
RUN-3DC04F35,EXP-REPORT,SCENARIO-05,no_multi_agent,1,False,COMPLETED,2026-08-22T08:34:42.226061+00:00,2026-08-22T08:34:42.335586+00:00,2026-08-22T08:34:42.648136+00:00,2026-08-22T08:34:42.648136+00:00,2026-08-22T08:34:42.648136+00:00,2026-08-22T08:34:42.648136+00:00,0.0,0.313,0.313,0.0,0.0,False,True,False,restart_service,restart_service,True,0,1,0.85,SUCCESS
RUN-68870D58,EXP-REPORT,SCENARIO-01,no_rollback,2,False,COMPLETED,2026-08-22T08:34:42.756076+00:00,2026-08-22T08:34:42.867543+00:00,2026-08-22T08:34:43.177911+00:00,2026-08-22T08:34:43.177911+00:00,2026-08-22T08:34:43.177911+00:00,2026-08-22T08:34:43.177911+00:00,0.0,0.31,0.31,0.0,0.0,False,True,False,restart_service,restart_service,True,0,1,0.95,SUCCESS
RUN-B4B9D24E,EXP-REPORT,SCENARIO-02,safeopsai,3,False,COMPLETED,2026-08-22T08:34:43.286986+00:00,2026-08-22T08:34:43.397346+00:00,2026-08-22T08:34:43.706395+00:00,2026-08-22T08:34:43.706395+00:00,2026-08-22T08:34:44.018877+00:00,2026-08-22T08:34:44.221098+00:00,0.515,0.824,0.309,0.0,0.202,False,True,False,clear_fault,clear_fault,True,0,1,0.98,SUCCESS
RUN-791E1AE6,EXP-REPORT,SCENARIO-02,no_rollback,2,False,COMPLETED,2026-08-22T08:34:44.330459+00:00,2026-08-22T08:34:44.439316+00:00,2026-08-22T08:34:44.751652+00:00,2026-08-22T08:34:44.751652+00:00,2026-08-22T08:34:44.751652+00:00,2026-08-22T08:34:44.751652+00:00,0.0,0.312,0.312,0.0,0.0,False,True,False,clear_fault,clear_fault,True,0,1,0.95,SUCCESS
RUN-9CD054E4,EXP-REPORT,SCENARIO-03,safeopsai,2,False,COMPLETED,2026-08-22T08:34:44.862149+00:00,2026-08-22T08:34:44.970737+00:00,2026-08-22T08:34:45.283090+00:00,2026-08-22T08:34:45.283090+00:00,2026-08-22T08:34:45.594663+00:00,2026-08-22T08:34:45.797801+00:00,0.515,0.827,0.312,0.0,0.203,False,True,False,clear_fault,clear_fault,True,0,1,0.98,SUCCESS
RUN-3DB6DB34,EXP-REPORT,SCENARIO-03,naive_restart,3,False,FAILED,2026-08-22T08:34:45.906550+00:00,2026-08-22T08:34:46.014080+00:00,2026-08-22T08:34:46.325537+00:00,2026-08-22T08:34:46.325537+00:00,2026-08-22T08:34:46.325537+00:00,,120.0,120.0,0.311,0.0,2.0,False,False,True,restart_service,restart_service,,0,1,0.0,FAILED
RUN-7B36FA1C,EXP-REPORT,SCENARIO-01,naive_restart,1,False,COMPLETED,2026-08-22T08:34:46.545719+00:00,2026-08-22T08:34:46.655728+00:00,2026-08-22T08:34:46.967395+00:00,2026-08-22T08:34:46.967395+00:00,2026-08-22T08:34:46.967395+00:00,2026-08-22T08:34:47.076538+00:00,0.109,0.421,0.312,0.0,0.109,False,True,False,restart_service,restart_service,,0,1,1.0,COMPLETED
RUN-64E107B6,EXP-REPORT,SCENARIO-01,no_rollback,3,False,COMPLETED,2026-08-22T08:34:47.186661+00:00,2026-08-22T08:34:47.296869+00:00,2026-08-22T08:34:47.621506+00:00,2026-08-22T08:34:47.621506+00:00,2026-08-22T08:34:47.621506+00:00,2026-08-22T08:34:47.621506+00:00,0.0,0.325,0.325,0.0,0.0,False,True,False,restart_service,restart_service,True,0,1,0.95,SUCCESS
RUN-C3756E25,EXP-REPORT,SCENARIO-06,no_sandbox,1,False,COMPLETED,2026-08-22T08:34:47.733023+00:00,2026-08-22T08:34:47.840219+00:00,2026-08-22T08:34:48.152050+00:00,2026-08-22T08:34:48.152050+00:00,2026-08-22T08:34:48.152050+00:00,2026-08-22T08:34:48.152050+00:00,0.0,0.312,0.312,0.0,0.0,False,True,False,restart_service,restart_service,,0,1,0.92,SUCCESS
